"total_R","n_Rx","genotype","OPR_length","pattern","consensusseq"
1,0,"OPRD4",27,"R1/","CCYCAKGGYGGYGGYGGYTGGGRDCAR"
2,1,"OPRD3",51,"R1/Rx/","CCYCAKGGYGGYGGYGGYTGGGRDCARCCYCAKGGYGGYGGYTGGGRDCAR"
3,2,"OPRD2",75,"R1/Rx/Rx/","CCYCAKGGYGGYGGYGGYTGGGRDCARCCYCAKGGYGGYGGYTGGGRDCARCCYCAKGGYGGYGGYTGGGRDCAR"
4,3,"OPRD1",99,"R1/Rx/Rx/Rx/","CCYCAKGGYGGYGGYGGYTGGGRDCARCCYCAKGGYGGYGGYTGGGRDCARCCYCAKGGYGGYGGYTGGGRDCARCCYCAKGGYGGYGGYTGGGRDCAR"
5,4,"reference",123,"R1/Rx/Rx/Rx/Rx/","CCYCAKGGYGGYGGYGGYTGGGRDCARCCYCAKGGYGGYGGYTGGGRDCARCCYCAKGGYGGYGGYTGGGRDCARCCYCAKGGYGGYGGYTGGGRDCARCCYCAKGGYGGYGGYTGGGRDCAR"
6,5,"OPRI1",147,"R1/Rx/Rx/Rx/Rx/Rx/","CCYCAKGGYGGYGGYGGYTGGGRDCARCCYCAKGGYGGYGGYTGGGRDCARCCYCAKGGYGGYGGYTGGGRDCARCCYCAKGGYGGYGGYTGGGRDCARCCYCAKGGYGGYGGYTGGGRDCARCCYCAKGGYGGYGGYTGGGRDCAR"
7,6,"OPRI2",171,"R1/Rx/Rx/Rx/Rx/Rx/Rx/","CCYCAKGGYGGYGGYGGYTGGGRDCARCCYCAKGGYGGYGGYTGGGRDCARCCYCAKGGYGGYGGYTGGGRDCARCCYCAKGGYGGYGGYTGGGRDCARCCYCAKGGYGGYGGYTGGGRDCARCCYCAKGGYGGYGGYTGGGRDCARCCYCAKGGYGGYGGYTGGGRDCAR"
8,7,"OPRI3",195,"R1/Rx/Rx/Rx/Rx/Rx/Rx/Rx/","CCYCAKGGYGGYGGYGGYTGGGRDCARCCYCAKGGYGGYGGYTGGGRDCARCCYCAKGGYGGYGGYTGGGRDCARCCYCAKGGYGGYGGYTGGGRDCARCCYCAKGGYGGYGGYTGGGRDCARCCYCAKGGYGGYGGYTGGGRDCARCCYCAKGGYGGYGGYTGGGRDCARCCYCAKGGYGGYGGYTGGGRDCAR"
9,8,"OPRI4",219,"R1/Rx/Rx/Rx/Rx/Rx/Rx/Rx/Rx/","CCYCAKGGYGGYGGYGGYTGGGRDCARCCYCAKGGYGGYGGYTGGGRDCARCCYCAKGGYGGYGGYTGGGRDCARCCYCAKGGYGGYGGYTGGGRDCARCCYCAKGGYGGYGGYTGGGRDCARCCYCAKGGYGGYGGYTGGGRDCARCCYCAKGGYGGYGGYTGGGRDCARCCYCAKGGYGGYGGYTGGGRDCARCCYCAKGGYGGYGGYTGGGRDCAR"
10,9,"OPRI5",243,"R1/Rx/Rx/Rx/Rx/Rx/Rx/Rx/Rx/Rx/","CCYCAKGGYGGYGGYGGYTGGGRDCARCCYCAKGGYGGYGGYTGGGRDCARCCYCAKGGYGGYGGYTGGGRDCARCCYCAKGGYGGYGGYTGGGRDCARCCYCAKGGYGGYGGYTGGGRDCARCCYCAKGGYGGYGGYTGGGRDCARCCYCAKGGYGGYGGYTGGGRDCARCCYCAKGGYGGYGGYTGGGRDCARCCYCAKGGYGGYGGYTGGGRDCARCCYCAKGGYGGYGGYTGGGRDCAR"
11,10,"OPRI6",267,"R1/Rx/Rx/Rx/Rx/Rx/Rx/Rx/Rx/Rx/Rx/","CCYCAKGGYGGYGGYGGYTGGGRDCARCCYCAKGGYGGYGGYTGGGRDCARCCYCAKGGYGGYGGYTGGGRDCARCCYCAKGGYGGYGGYTGGGRDCARCCYCAKGGYGGYGGYTGGGRDCARCCYCAKGGYGGYGGYTGGGRDCARCCYCAKGGYGGYGGYTGGGRDCARCCYCAKGGYGGYGGYTGGGRDCARCCYCAKGGYGGYGGYTGGGRDCARCCYCAKGGYGGYGGYTGGGRDCARCCYCAKGGYGGYGGYTGGGRDCAR"
12,11,"OPRI7",291,"R1/Rx/Rx/Rx/Rx/Rx/Rx/Rx/Rx/Rx/Rx/Rx/","CCYCAKGGYGGYGGYGGYTGGGRDCARCCYCAKGGYGGYGGYTGGGRDCARCCYCAKGGYGGYGGYTGGGRDCARCCYCAKGGYGGYGGYTGGGRDCARCCYCAKGGYGGYGGYTGGGRDCARCCYCAKGGYGGYGGYTGGGRDCARCCYCAKGGYGGYGGYTGGGRDCARCCYCAKGGYGGYGGYTGGGRDCARCCYCAKGGYGGYGGYTGGGRDCARCCYCAKGGYGGYGGYTGGGRDCARCCYCAKGGYGGYGGYTGGGRDCARCCYCAKGGYGGYGGYTGGGRDCAR"
13,12,"OPRI8",315,"R1/Rx/Rx/Rx/Rx/Rx/Rx/Rx/Rx/Rx/Rx/Rx/Rx/","CCYCAKGGYGGYGGYGGYTGGGRDCARCCYCAKGGYGGYGGYTGGGRDCARCCYCAKGGYGGYGGYTGGGRDCARCCYCAKGGYGGYGGYTGGGRDCARCCYCAKGGYGGYGGYTGGGRDCARCCYCAKGGYGGYGGYTGGGRDCARCCYCAKGGYGGYGGYTGGGRDCARCCYCAKGGYGGYGGYTGGGRDCARCCYCAKGGYGGYGGYTGGGRDCARCCYCAKGGYGGYGGYTGGGRDCARCCYCAKGGYGGYGGYTGGGRDCARCCYCAKGGYGGYGGYTGGGRDCARCCYCAKGGYGGYGGYTGGGRDCAR"
14,13,"OPRI9",339,"R1/Rx/Rx/Rx/Rx/Rx/Rx/Rx/Rx/Rx/Rx/Rx/Rx/Rx/","CCYCAKGGYGGYGGYGGYTGGGRDCARCCYCAKGGYGGYGGYTGGGRDCARCCYCAKGGYGGYGGYTGGGRDCARCCYCAKGGYGGYGGYTGGGRDCARCCYCAKGGYGGYGGYTGGGRDCARCCYCAKGGYGGYGGYTGGGRDCARCCYCAKGGYGGYGGYTGGGRDCARCCYCAKGGYGGYGGYTGGGRDCARCCYCAKGGYGGYGGYTGGGRDCARCCYCAKGGYGGYGGYTGGGRDCARCCYCAKGGYGGYGGYTGGGRDCARCCYCAKGGYGGYGGYTGGGRDCARCCYCAKGGYGGYGGYTGGGRDCARCCYCAKGGYGGYGGYTGGGRDCAR"
15,14,"OPRI10",363,"R1/Rx/Rx/Rx/Rx/Rx/Rx/Rx/Rx/Rx/Rx/Rx/Rx/Rx/Rx/","CCYCAKGGYGGYGGYGGYTGGGRDCARCCYCAKGGYGGYGGYTGGGRDCARCCYCAKGGYGGYGGYTGGGRDCARCCYCAKGGYGGYGGYTGGGRDCARCCYCAKGGYGGYGGYTGGGRDCARCCYCAKGGYGGYGGYTGGGRDCARCCYCAKGGYGGYGGYTGGGRDCARCCYCAKGGYGGYGGYTGGGRDCARCCYCAKGGYGGYGGYTGGGRDCARCCYCAKGGYGGYGGYTGGGRDCARCCYCAKGGYGGYGGYTGGGRDCARCCYCAKGGYGGYGGYTGGGRDCARCCYCAKGGYGGYGGYTGGGRDCARCCYCAKGGYGGYGGYTGGGRDCARCCYCAKGGYGGYGGYTGGGRDCAR"
16,15,"OPRI11",387,"R1/Rx/Rx/Rx/Rx/Rx/Rx/Rx/Rx/Rx/Rx/Rx/Rx/Rx/Rx/Rx/","CCYCAKGGYGGYGGYGGYTGGGRDCARCCYCAKGGYGGYGGYTGGGRDCARCCYCAKGGYGGYGGYTGGGRDCARCCYCAKGGYGGYGGYTGGGRDCARCCYCAKGGYGGYGGYTGGGRDCARCCYCAKGGYGGYGGYTGGGRDCARCCYCAKGGYGGYGGYTGGGRDCARCCYCAKGGYGGYGGYTGGGRDCARCCYCAKGGYGGYGGYTGGGRDCARCCYCAKGGYGGYGGYTGGGRDCARCCYCAKGGYGGYGGYTGGGRDCARCCYCAKGGYGGYGGYTGGGRDCARCCYCAKGGYGGYGGYTGGGRDCARCCYCAKGGYGGYGGYTGGGRDCARCCYCAKGGYGGYGGYTGGGRDCARCCYCAKGGYGGYGGYTGGGRDCAR"
17,16,"OPRI12",411,"R1/Rx/Rx/Rx/Rx/Rx/Rx/Rx/Rx/Rx/Rx/Rx/Rx/Rx/Rx/Rx/Rx/","CCYCAKGGYGGYGGYGGYTGGGRDCARCCYCAKGGYGGYGGYTGGGRDCARCCYCAKGGYGGYGGYTGGGRDCARCCYCAKGGYGGYGGYTGGGRDCARCCYCAKGGYGGYGGYTGGGRDCARCCYCAKGGYGGYGGYTGGGRDCARCCYCAKGGYGGYGGYTGGGRDCARCCYCAKGGYGGYGGYTGGGRDCARCCYCAKGGYGGYGGYTGGGRDCARCCYCAKGGYGGYGGYTGGGRDCARCCYCAKGGYGGYGGYTGGGRDCARCCYCAKGGYGGYGGYTGGGRDCARCCYCAKGGYGGYGGYTGGGRDCARCCYCAKGGYGGYGGYTGGGRDCARCCYCAKGGYGGYGGYTGGGRDCARCCYCAKGGYGGYGGYTGGGRDCARCCYCAKGGYGGYGGYTGGGRDCAR"
18,17,"OPRI13",435,"R1/Rx/Rx/Rx/Rx/Rx/Rx/Rx/Rx/Rx/Rx/Rx/Rx/Rx/Rx/Rx/Rx/Rx/","CCYCAKGGYGGYGGYGGYTGGGRDCARCCYCAKGGYGGYGGYTGGGRDCARCCYCAKGGYGGYGGYTGGGRDCARCCYCAKGGYGGYGGYTGGGRDCARCCYCAKGGYGGYGGYTGGGRDCARCCYCAKGGYGGYGGYTGGGRDCARCCYCAKGGYGGYGGYTGGGRDCARCCYCAKGGYGGYGGYTGGGRDCARCCYCAKGGYGGYGGYTGGGRDCARCCYCAKGGYGGYGGYTGGGRDCARCCYCAKGGYGGYGGYTGGGRDCARCCYCAKGGYGGYGGYTGGGRDCARCCYCAKGGYGGYGGYTGGGRDCARCCYCAKGGYGGYGGYTGGGRDCARCCYCAKGGYGGYGGYTGGGRDCARCCYCAKGGYGGYGGYTGGGRDCARCCYCAKGGYGGYGGYTGGGRDCARCCYCAKGGYGGYGGYTGGGRDCAR"
19,18,"OPRI14",459,"R1/Rx/Rx/Rx/Rx/Rx/Rx/Rx/Rx/Rx/Rx/Rx/Rx/Rx/Rx/Rx/Rx/Rx/Rx/","CCYCAKGGYGGYGGYGGYTGGGRDCARCCYCAKGGYGGYGGYTGGGRDCARCCYCAKGGYGGYGGYTGGGRDCARCCYCAKGGYGGYGGYTGGGRDCARCCYCAKGGYGGYGGYTGGGRDCARCCYCAKGGYGGYGGYTGGGRDCARCCYCAKGGYGGYGGYTGGGRDCARCCYCAKGGYGGYGGYTGGGRDCARCCYCAKGGYGGYGGYTGGGRDCARCCYCAKGGYGGYGGYTGGGRDCARCCYCAKGGYGGYGGYTGGGRDCARCCYCAKGGYGGYGGYTGGGRDCARCCYCAKGGYGGYGGYTGGGRDCARCCYCAKGGYGGYGGYTGGGRDCARCCYCAKGGYGGYGGYTGGGRDCARCCYCAKGGYGGYGGYTGGGRDCARCCYCAKGGYGGYGGYTGGGRDCARCCYCAKGGYGGYGGYTGGGRDCARCCYCAKGGYGGYGGYTGGGRDCAR"
20,19,"OPRI15",483,"R1/Rx/Rx/Rx/Rx/Rx/Rx/Rx/Rx/Rx/Rx/Rx/Rx/Rx/Rx/Rx/Rx/Rx/Rx/Rx/","CCYCAKGGYGGYGGYGGYTGGGRDCARCCYCAKGGYGGYGGYTGGGRDCARCCYCAKGGYGGYGGYTGGGRDCARCCYCAKGGYGGYGGYTGGGRDCARCCYCAKGGYGGYGGYTGGGRDCARCCYCAKGGYGGYGGYTGGGRDCARCCYCAKGGYGGYGGYTGGGRDCARCCYCAKGGYGGYGGYTGGGRDCARCCYCAKGGYGGYGGYTGGGRDCARCCYCAKGGYGGYGGYTGGGRDCARCCYCAKGGYGGYGGYTGGGRDCARCCYCAKGGYGGYGGYTGGGRDCARCCYCAKGGYGGYGGYTGGGRDCARCCYCAKGGYGGYGGYTGGGRDCARCCYCAKGGYGGYGGYTGGGRDCARCCYCAKGGYGGYGGYTGGGRDCARCCYCAKGGYGGYGGYTGGGRDCARCCYCAKGGYGGYGGYTGGGRDCARCCYCAKGGYGGYGGYTGGGRDCARCCYCAKGGYGGYGGYTGGGRDCAR"
21,20,"OPRI16",507,"R1/Rx/Rx/Rx/Rx/Rx/Rx/Rx/Rx/Rx/Rx/Rx/Rx/Rx/Rx/Rx/Rx/Rx/Rx/Rx/Rx/","CCYCAKGGYGGYGGYGGYTGGGRDCARCCYCAKGGYGGYGGYTGGGRDCARCCYCAKGGYGGYGGYTGGGRDCARCCYCAKGGYGGYGGYTGGGRDCARCCYCAKGGYGGYGGYTGGGRDCARCCYCAKGGYGGYGGYTGGGRDCARCCYCAKGGYGGYGGYTGGGRDCARCCYCAKGGYGGYGGYTGGGRDCARCCYCAKGGYGGYGGYTGGGRDCARCCYCAKGGYGGYGGYTGGGRDCARCCYCAKGGYGGYGGYTGGGRDCARCCYCAKGGYGGYGGYTGGGRDCARCCYCAKGGYGGYGGYTGGGRDCARCCYCAKGGYGGYGGYTGGGRDCARCCYCAKGGYGGYGGYTGGGRDCARCCYCAKGGYGGYGGYTGGGRDCARCCYCAKGGYGGYGGYTGGGRDCARCCYCAKGGYGGYGGYTGGGRDCARCCYCAKGGYGGYGGYTGGGRDCARCCYCAKGGYGGYGGYTGGGRDCARCCYCAKGGYGGYGGYTGGGRDCAR"
22,21,"OPRI17",531,"R1/Rx/Rx/Rx/Rx/Rx/Rx/Rx/Rx/Rx/Rx/Rx/Rx/Rx/Rx/Rx/Rx/Rx/Rx/Rx/Rx/Rx/","CCYCAKGGYGGYGGYGGYTGGGRDCARCCYCAKGGYGGYGGYTGGGRDCARCCYCAKGGYGGYGGYTGGGRDCARCCYCAKGGYGGYGGYTGGGRDCARCCYCAKGGYGGYGGYTGGGRDCARCCYCAKGGYGGYGGYTGGGRDCARCCYCAKGGYGGYGGYTGGGRDCARCCYCAKGGYGGYGGYTGGGRDCARCCYCAKGGYGGYGGYTGGGRDCARCCYCAKGGYGGYGGYTGGGRDCARCCYCAKGGYGGYGGYTGGGRDCARCCYCAKGGYGGYGGYTGGGRDCARCCYCAKGGYGGYGGYTGGGRDCARCCYCAKGGYGGYGGYTGGGRDCARCCYCAKGGYGGYGGYTGGGRDCARCCYCAKGGYGGYGGYTGGGRDCARCCYCAKGGYGGYGGYTGGGRDCARCCYCAKGGYGGYGGYTGGGRDCARCCYCAKGGYGGYGGYTGGGRDCARCCYCAKGGYGGYGGYTGGGRDCARCCYCAKGGYGGYGGYTGGGRDCARCCYCAKGGYGGYGGYTGGGRDCAR"
23,22,"OPRI18",555,"R1/Rx/Rx/Rx/Rx/Rx/Rx/Rx/Rx/Rx/Rx/Rx/Rx/Rx/Rx/Rx/Rx/Rx/Rx/Rx/Rx/Rx/Rx/","CCYCAKGGYGGYGGYGGYTGGGRDCARCCYCAKGGYGGYGGYTGGGRDCARCCYCAKGGYGGYGGYTGGGRDCARCCYCAKGGYGGYGGYTGGGRDCARCCYCAKGGYGGYGGYTGGGRDCARCCYCAKGGYGGYGGYTGGGRDCARCCYCAKGGYGGYGGYTGGGRDCARCCYCAKGGYGGYGGYTGGGRDCARCCYCAKGGYGGYGGYTGGGRDCARCCYCAKGGYGGYGGYTGGGRDCARCCYCAKGGYGGYGGYTGGGRDCARCCYCAKGGYGGYGGYTGGGRDCARCCYCAKGGYGGYGGYTGGGRDCARCCYCAKGGYGGYGGYTGGGRDCARCCYCAKGGYGGYGGYTGGGRDCARCCYCAKGGYGGYGGYTGGGRDCARCCYCAKGGYGGYGGYTGGGRDCARCCYCAKGGYGGYGGYTGGGRDCARCCYCAKGGYGGYGGYTGGGRDCARCCYCAKGGYGGYGGYTGGGRDCARCCYCAKGGYGGYGGYTGGGRDCARCCYCAKGGYGGYGGYTGGGRDCARCCYCAKGGYGGYGGYTGGGRDCAR"
24,23,"OPRI19",579,"R1/Rx/Rx/Rx/Rx/Rx/Rx/Rx/Rx/Rx/Rx/Rx/Rx/Rx/Rx/Rx/Rx/Rx/Rx/Rx/Rx/Rx/Rx/Rx/","CCYCAKGGYGGYGGYGGYTGGGRDCARCCYCAKGGYGGYGGYTGGGRDCARCCYCAKGGYGGYGGYTGGGRDCARCCYCAKGGYGGYGGYTGGGRDCARCCYCAKGGYGGYGGYTGGGRDCARCCYCAKGGYGGYGGYTGGGRDCARCCYCAKGGYGGYGGYTGGGRDCARCCYCAKGGYGGYGGYTGGGRDCARCCYCAKGGYGGYGGYTGGGRDCARCCYCAKGGYGGYGGYTGGGRDCARCCYCAKGGYGGYGGYTGGGRDCARCCYCAKGGYGGYGGYTGGGRDCARCCYCAKGGYGGYGGYTGGGRDCARCCYCAKGGYGGYGGYTGGGRDCARCCYCAKGGYGGYGGYTGGGRDCARCCYCAKGGYGGYGGYTGGGRDCARCCYCAKGGYGGYGGYTGGGRDCARCCYCAKGGYGGYGGYTGGGRDCARCCYCAKGGYGGYGGYTGGGRDCARCCYCAKGGYGGYGGYTGGGRDCARCCYCAKGGYGGYGGYTGGGRDCARCCYCAKGGYGGYGGYTGGGRDCARCCYCAKGGYGGYGGYTGGGRDCARCCYCAKGGYGGYGGYTGGGRDCAR"
25,24,"OPRI20",603,"R1/Rx/Rx/Rx/Rx/Rx/Rx/Rx/Rx/Rx/Rx/Rx/Rx/Rx/Rx/Rx/Rx/Rx/Rx/Rx/Rx/Rx/Rx/Rx/Rx/","CCYCAKGGYGGYGGYGGYTGGGRDCARCCYCAKGGYGGYGGYTGGGRDCARCCYCAKGGYGGYGGYTGGGRDCARCCYCAKGGYGGYGGYTGGGRDCARCCYCAKGGYGGYGGYTGGGRDCARCCYCAKGGYGGYGGYTGGGRDCARCCYCAKGGYGGYGGYTGGGRDCARCCYCAKGGYGGYGGYTGGGRDCARCCYCAKGGYGGYGGYTGGGRDCARCCYCAKGGYGGYGGYTGGGRDCARCCYCAKGGYGGYGGYTGGGRDCARCCYCAKGGYGGYGGYTGGGRDCARCCYCAKGGYGGYGGYTGGGRDCARCCYCAKGGYGGYGGYTGGGRDCARCCYCAKGGYGGYGGYTGGGRDCARCCYCAKGGYGGYGGYTGGGRDCARCCYCAKGGYGGYGGYTGGGRDCARCCYCAKGGYGGYGGYTGGGRDCARCCYCAKGGYGGYGGYTGGGRDCARCCYCAKGGYGGYGGYTGGGRDCARCCYCAKGGYGGYGGYTGGGRDCARCCYCAKGGYGGYGGYTGGGRDCARCCYCAKGGYGGYGGYTGGGRDCARCCYCAKGGYGGYGGYTGGGRDCARCCYCAKGGYGGYGGYTGGGRDCAR"
26,25,"OPRI21",627,"R1/Rx/Rx/Rx/Rx/Rx/Rx/Rx/Rx/Rx/Rx/Rx/Rx/Rx/Rx/Rx/Rx/Rx/Rx/Rx/Rx/Rx/Rx/Rx/Rx/Rx/","CCYCAKGGYGGYGGYGGYTGGGRDCARCCYCAKGGYGGYGGYTGGGRDCARCCYCAKGGYGGYGGYTGGGRDCARCCYCAKGGYGGYGGYTGGGRDCARCCYCAKGGYGGYGGYTGGGRDCARCCYCAKGGYGGYGGYTGGGRDCARCCYCAKGGYGGYGGYTGGGRDCARCCYCAKGGYGGYGGYTGGGRDCARCCYCAKGGYGGYGGYTGGGRDCARCCYCAKGGYGGYGGYTGGGRDCARCCYCAKGGYGGYGGYTGGGRDCARCCYCAKGGYGGYGGYTGGGRDCARCCYCAKGGYGGYGGYTGGGRDCARCCYCAKGGYGGYGGYTGGGRDCARCCYCAKGGYGGYGGYTGGGRDCARCCYCAKGGYGGYGGYTGGGRDCARCCYCAKGGYGGYGGYTGGGRDCARCCYCAKGGYGGYGGYTGGGRDCARCCYCAKGGYGGYGGYTGGGRDCARCCYCAKGGYGGYGGYTGGGRDCARCCYCAKGGYGGYGGYTGGGRDCARCCYCAKGGYGGYGGYTGGGRDCARCCYCAKGGYGGYGGYTGGGRDCARCCYCAKGGYGGYGGYTGGGRDCARCCYCAKGGYGGYGGYTGGGRDCARCCYCAKGGYGGYGGYTGGGRDCAR"
27,26,"OPRI22",651,"R1/Rx/Rx/Rx/Rx/Rx/Rx/Rx/Rx/Rx/Rx/Rx/Rx/Rx/Rx/Rx/Rx/Rx/Rx/Rx/Rx/Rx/Rx/Rx/Rx/Rx/Rx/","CCYCAKGGYGGYGGYGGYTGGGRDCARCCYCAKGGYGGYGGYTGGGRDCARCCYCAKGGYGGYGGYTGGGRDCARCCYCAKGGYGGYGGYTGGGRDCARCCYCAKGGYGGYGGYTGGGRDCARCCYCAKGGYGGYGGYTGGGRDCARCCYCAKGGYGGYGGYTGGGRDCARCCYCAKGGYGGYGGYTGGGRDCARCCYCAKGGYGGYGGYTGGGRDCARCCYCAKGGYGGYGGYTGGGRDCARCCYCAKGGYGGYGGYTGGGRDCARCCYCAKGGYGGYGGYTGGGRDCARCCYCAKGGYGGYGGYTGGGRDCARCCYCAKGGYGGYGGYTGGGRDCARCCYCAKGGYGGYGGYTGGGRDCARCCYCAKGGYGGYGGYTGGGRDCARCCYCAKGGYGGYGGYTGGGRDCARCCYCAKGGYGGYGGYTGGGRDCARCCYCAKGGYGGYGGYTGGGRDCARCCYCAKGGYGGYGGYTGGGRDCARCCYCAKGGYGGYGGYTGGGRDCARCCYCAKGGYGGYGGYTGGGRDCARCCYCAKGGYGGYGGYTGGGRDCARCCYCAKGGYGGYGGYTGGGRDCARCCYCAKGGYGGYGGYTGGGRDCARCCYCAKGGYGGYGGYTGGGRDCARCCYCAKGGYGGYGGYTGGGRDCAR"
28,27,"OPRI23",675,"R1/Rx/Rx/Rx/Rx/Rx/Rx/Rx/Rx/Rx/Rx/Rx/Rx/Rx/Rx/Rx/Rx/Rx/Rx/Rx/Rx/Rx/Rx/Rx/Rx/Rx/Rx/Rx/","CCYCAKGGYGGYGGYGGYTGGGRDCARCCYCAKGGYGGYGGYTGGGRDCARCCYCAKGGYGGYGGYTGGGRDCARCCYCAKGGYGGYGGYTGGGRDCARCCYCAKGGYGGYGGYTGGGRDCARCCYCAKGGYGGYGGYTGGGRDCARCCYCAKGGYGGYGGYTGGGRDCARCCYCAKGGYGGYGGYTGGGRDCARCCYCAKGGYGGYGGYTGGGRDCARCCYCAKGGYGGYGGYTGGGRDCARCCYCAKGGYGGYGGYTGGGRDCARCCYCAKGGYGGYGGYTGGGRDCARCCYCAKGGYGGYGGYTGGGRDCARCCYCAKGGYGGYGGYTGGGRDCARCCYCAKGGYGGYGGYTGGGRDCARCCYCAKGGYGGYGGYTGGGRDCARCCYCAKGGYGGYGGYTGGGRDCARCCYCAKGGYGGYGGYTGGGRDCARCCYCAKGGYGGYGGYTGGGRDCARCCYCAKGGYGGYGGYTGGGRDCARCCYCAKGGYGGYGGYTGGGRDCARCCYCAKGGYGGYGGYTGGGRDCARCCYCAKGGYGGYGGYTGGGRDCARCCYCAKGGYGGYGGYTGGGRDCARCCYCAKGGYGGYGGYTGGGRDCARCCYCAKGGYGGYGGYTGGGRDCARCCYCAKGGYGGYGGYTGGGRDCARCCYCAKGGYGGYGGYTGGGRDCAR"
29,28,"OPRI24",699,"R1/Rx/Rx/Rx/Rx/Rx/Rx/Rx/Rx/Rx/Rx/Rx/Rx/Rx/Rx/Rx/Rx/Rx/Rx/Rx/Rx/Rx/Rx/Rx/Rx/Rx/Rx/Rx/Rx/","CCYCAKGGYGGYGGYGGYTGGGRDCARCCYCAKGGYGGYGGYTGGGRDCARCCYCAKGGYGGYGGYTGGGRDCARCCYCAKGGYGGYGGYTGGGRDCARCCYCAKGGYGGYGGYTGGGRDCARCCYCAKGGYGGYGGYTGGGRDCARCCYCAKGGYGGYGGYTGGGRDCARCCYCAKGGYGGYGGYTGGGRDCARCCYCAKGGYGGYGGYTGGGRDCARCCYCAKGGYGGYGGYTGGGRDCARCCYCAKGGYGGYGGYTGGGRDCARCCYCAKGGYGGYGGYTGGGRDCARCCYCAKGGYGGYGGYTGGGRDCARCCYCAKGGYGGYGGYTGGGRDCARCCYCAKGGYGGYGGYTGGGRDCARCCYCAKGGYGGYGGYTGGGRDCARCCYCAKGGYGGYGGYTGGGRDCARCCYCAKGGYGGYGGYTGGGRDCARCCYCAKGGYGGYGGYTGGGRDCARCCYCAKGGYGGYGGYTGGGRDCARCCYCAKGGYGGYGGYTGGGRDCARCCYCAKGGYGGYGGYTGGGRDCARCCYCAKGGYGGYGGYTGGGRDCARCCYCAKGGYGGYGGYTGGGRDCARCCYCAKGGYGGYGGYTGGGRDCARCCYCAKGGYGGYGGYTGGGRDCARCCYCAKGGYGGYGGYTGGGRDCARCCYCAKGGYGGYGGYTGGGRDCARCCYCAKGGYGGYGGYTGGGRDCAR"
